{
  "content": "{\n  \"title\": \"Privacy-First Analytics: Empowering Startups to Succeed Responsibly\",\n  \"sections\": [\n    {\n      \"heading\": \"Why Privacy-First Analytics?\",\n      \"bullets\": [\n        \"The growing need for data privacy in today's digital age\",\n        \"How privacy-first analytics can give your startup a competitive edge\",\n        \"The balance between valuable insights and respecting user privacy\"\n      ]\n    },\n    {\n      \"heading\": \"Understanding Privacy-First Analytics\",\n      \"bullets\": [\n        \"What 'Privacy-First' really means for analytics\",\n        \"The key principles behind privacy-first analytics\",\n        \"How adopting privacy-first analytics can future-proof your startup\"\n      ]\n    },\n    {\n      \"heading\": \"The Benefits of Privacy-First Analytics for Startups\",\n      \"bullets\": [\n        \"Building trust and loyalty with your customers\",\n        \"Reducing the risk of data breaches and regulatory fines\",\n        \"Gaining a deeper, ethical understanding of your users\"\n      ]\n    },\n    {\n      \"heading\": \"Implementing Privacy-First Analytics in Your Startup\",\n      \"bullets\": [\n        \"Key considerations when transitioning to privacy-first analytics\",\n        \"Best practices for integrating privacy-first principles\",\n        \"Tools and resources that can help your startup make the switch\"\n      ]\n    },\n    {\n      \"heading\": \"Case Study: Success with Privacy-First Analytics\",\n      \"bullets\": [\n        \"A startup's journey towards adopting privacy-first analytics\",\n        \"The challenges they faced and how they overcame them\",\n        \"The positive impact on their business performance and customer relationships\"\n      ]\n    }\n  ]\n}",
  "template": "draft_scaffold",
  "version": "1.0.0",
  "metadata": {
    "provider": "OpenAIProvider",
    "timestamp": "2025-08-22T19:37:23.832Z",
    "inputKeys": [
      "asset_type",
      "topic",
      "audience",
      "tone",
      "word_count",
      "metadata"
    ]
  }
}