{
  "title": "The Confident Guide to Building AI Applications: A Primer for Junior Developers",
  "sections": [
    {
      "heading": "Introduction to Building AI Applications",
      "bullets": [
        "Understanding the basics and relevance of AI in today's tech landscape",
        "A brief overview of the common types of AI applications",
        "The importance of a privacy-first approach in creating AI applications"
      ]
    },
    {
      "heading": "Tools and Platforms for Building AI Applications",
      "bullets": [
        "Introduction to popular AI development platforms and tools",
        "How to choose the right tools based on your project needs",
        "Highlighting the benefits of platforms offering a free trial with no credit card required"
      ]
    },
    {
      "heading": "Essential Steps in Creating Your First AI Application",
      "bullets": [
        "Designing the AI: planning, data gathering, and selecting algorithms",
        "Building the AI: writing code, training, and testing the model",
        "Deploying the AI: integration into applications, monitoring, and updating"
      ]
    },
    {
      "heading": "Best Practices and Tips for AI Application Development",
      "bullets": [
        "Ensuring data privacy and security in your AI development process",
        "Maintaining transparency and explainability in your AI models",
        "The importance of continuous learning and staying updated in the AI field"
      ]
    },
    {
      "heading": "Conclusion: Your Journey in AI Application Development",
      "bullets": [
        "Recap of the importance and process of building AI applications",
        "Encouragement for continued learning and practice in AI development",
        "Invitation to start building AI applications with a free trial of our recommended platform"
      ]
    }
  ]
}